City,Max Temperature,Humidity,Wind Speed,Cloudiness,Latitude,Longitude,Country,Date
abu kamal,8.57,72.0,3.18,82.0,34.4506,40.9171,SY,1643406161
san patricio,15.65,30.0,5.53,73.0,28.017,-97.5169,US,1643406048
punta arenas,17.06,55.0,2.57,0.0,-53.15,-70.9167,CL,1643406137
aitape,25.48,86.0,2.5,100.0,-3.1374,142.3475,PG,1643406163
taolanaro,-25.73,75.0,6.71,100.0,63.7506,-68.5145,CA,1643406163
iqaluit,18.06,97.0,1.79,100.0,-8.7386,24.9906,CD,1643406164
kamina,20.59,72.0,12.6,0.0,-26.6481,15.1594,NA,1643405887
luderitz,-28.0,69.0,6.69,20.0,69.4541,-133.0374,CA,1643406152
tuktoyaktuk,26.85,69.0,4.63,20.0,19.7297,-155.09,US,1643406164
nizhneyansk,-7.99,45.0,9.77,100.0,69.2167,-51.1,GL,1643406098
hilo,-24.12,95.0,1.41,99.0,49.7834,-74.8492,CA,1643406165
ilulissat,-17.8,90.0,2.72,100.0,71.9167,114.0833,RU,1643405923
chapais,25.15,89.0,1.9,95.0,-2.6741,141.3028,PG,1643406165
saskylakh,26.98,83.0,3.09,75.0,-22.9661,-42.0278,BR,1643405915
vanimo,18.29,66.0,1.34,97.0,-42.7826,147.0587,AU,1643406157
arraial do cabo,-4.96,65.0,9.39,100.0,67.667,12.6934,NO,1643405877
new norfolk,25.59,70.0,6.99,100.0,-23.1203,-134.9692,PF,1643405886
sorland,22.62,58.0,6.82,0.0,-32.5,137.7667,AU,1643406095
rikitea,26.18,66.0,1.34,0.0,22.0752,-159.319,US,1643406024
port augusta,-27.54,76.0,1.54,20.0,68.2191,-135.0107,CA,1643405950
kapaa,23.07,85.0,5.27,100.0,-2.8856,-40.12,BR,1643406167
aklavik,20.56,57.0,1.74,0.0,22.5667,59.5289,OM,1643406167
acarau,21.05,60.0,5.55,0.0,-33.1833,138.0167,AU,1643406167
sur,28.59,63.0,3.6,40.0,20.8947,-156.47,US,1643406168
port pirie,26.84,63.0,2.68,50.0,-0.6,73.0833,MV,1643406168
kahului,25.08,90.0,1.11,87.0,-3.1431,-58.4442,BR,1643406169
hithadhoo,27.74,79.0,7.93,64.0,3.0707,172.7902,KI,1643406169
marv dasht,-19.66,95.0,1.12,99.0,63.05,179.3167,RU,1643406169
grand river south east,-20.91,65.0,2.57,100.0,55.7435,-97.8558,CA,1643406170
itacoatiara,21.51,94.0,1.49,5.0,6.7989,81.4808,LK,1643406170
butaritari,-35.23,96.0,1.16,95.0,70.6333,147.9167,RU,1643406170
beringovskiy,19.35,46.0,2.38,78.0,-41.4122,175.5153,NZ,1643406171
thompson,25.48,65.0,6.92,67.0,-5.5569,-80.8222,PE,1643406171
wattegama,-32.16,98.0,0.97,90.0,52.5178,99.825,RU,1643406171
chokurdakh,21.96,96.0,0.79,100.0,-3.4833,23.4333,CD,1643406172
waipawa,17.67,76.0,4.95,0.0,-34.4187,19.2345,ZA,1643406172
sechura,-24.28,95.0,0.94,79.0,69.3833,178.4167,RU,1643406172
orlik,-3.65,84.0,3.46,100.0,60.1432,-45.2371,GL,1643406173
lodja,-0.81,53.0,3.58,45.0,37.3834,-89.7168,US,1643405983
hermanus,23.21,72.0,2.99,5.0,-21.3667,55.6167,RE,1643406004
leningradskiy,27.88,82.0,6.81,100.0,-14.25,129.55,AU,1643406173
nanortalik,5.1,68.0,3.68,100.0,35.1333,140.3,JP,1643406173
cape girardeau,10.59,61.0,2.03,0.0,40.1629,-8.3327,PT,1643406174
saint-joseph,-17.67,99.0,1.94,96.0,57.3064,88.1667,RU,1643406174
port keats,22.38,76.0,2.96,83.0,-25.1132,29.0445,ZA,1643406175
katsuura,-24.9,61.0,3.78,5.0,77.484,-69.3632,GL,1643406235
tsihombe,-24.14,96.0,7.68,90.0,66.7697,123.3711,RU,1643406236
lata,-4.06,96.0,2.82,100.0,59.7035,30.7861,RU,1643406222
teguldet,-23.39,98.0,1.55,84.0,60.8697,60.4153,RU,1643406236
siyabuswa,7.03,75.0,9.77,75.0,62.5833,6.1333,NO,1643406236
erbaa,18.04,45.0,1.77,96.0,-46.1927,168.8643,NZ,1643406237
belushya guba,27.72,91.0,0.89,20.0,5.4112,100.3354,MY,1643406223
qaanaaq,22.22,99.0,1.5,100.0,-3.7267,-44.2233,BR,1643406237
zhigansk,18.16,82.0,5.66,75.0,-33.918,25.5701,ZA,1643406175
nikolskoye,17.81,52.0,2.06,40.0,-54.8,-68.3,AR,1643406055
polunochnoye,18.22,69.0,2.74,92.0,-46.6,168.3333,NZ,1643406238
roald,18.36,64.0,3.44,11.0,-33.65,115.3333,AU,1643406238
mataura,-6.05,64.0,2.2,0.0,41.7597,86.1469,CN,1643406238
georgetown,27.74,78.0,1.66,93.0,-3.6667,152.4333,PG,1643406239
port elizabeth,14.91,54.0,3.67,1.0,21.6833,87.55,IN,1643406239
ushuaia,25.03,61.0,8.75,0.0,-13.7,-76.2167,PE,1643406240
bluff,-6.62,59.0,2.24,100.0,42.097,-79.2353,US,1643405948
busselton,12.02,76.0,7.95,80.0,52.1514,-6.9861,IE,1643406240
korla,-18.3,86.0,2.56,4.0,43.5064,123.5064,CN,1643406240
namatanai,-18.31,94.0,5.54,100.0,65.8167,87.9833,RU,1643406241
aykhal,17.07,61.0,1.83,2.0,15.1139,37.5928,ER,1643406241
digha,-11.91,94.0,4.26,88.0,68.0531,39.5131,RU,1643406242
pisco,26.74,62.0,4.26,0.0,-41.8697,-73.8203,CL,1643405997
jamestown,25.44,71.0,6.78,11.0,-9.8,-139.0333,PF,1643406020
dunmore east,24.58,94.0,0.93,99.0,-2.5364,-57.76,BR,1643406243
zhengjiatun,26.16,89.0,1.03,40.0,-20.4081,57.7,MU,1643406243
turukhansk,18.48,77.0,6.17,75.0,-42.8794,147.3294,AU,1643406018
barentu,27.34,75.0,7.8,9.0,-16.7833,-151.5,PF,1643406244
ostrovnoy,18.85,18.0,5.0,0.0,18.4411,1.4078,ML,1643406244
ancud,-0.22,99.0,2.74,100.0,54.4299,31.8996,RU,1643406244
atuona,-12.33,92.0,2.06,0.0,66.5,25.7167,FI,1643406245
urucara,17.93,96.0,1.68,100.0,-9.5402,16.341,AO,1643406245
mahebourg,28.03,74.0,6.17,40.0,-21.2078,-159.775,CK,1643406156
hobart,-1.78,97.0,4.22,100.0,57.4695,31.1156,RU,1643406089
tevaitoa,27.99,79.0,8.58,98.0,-21.2,-175.2,TO,1643406246
kidal,21.23,83.0,3.09,0.0,-28.7667,114.6,AU,1643406247
sobolevo,23.2,92.0,2.09,99.0,0.1333,117.5,ID,1643406247
rovaniemi,28.14,75.0,7.1,82.0,-20.2333,164.0167,NC,1643406248
malanje,14.31,11.0,0.89,69.0,36.2083,-115.9839,US,1643406213
illoqqortoormiut,17.38,77.0,5.18,95.0,-38.2667,141.9667,AU,1643406249
avarua,16.11,99.0,3.34,100.0,-24.7911,-50.0119,BR,1643406250
poddorye,26.92,73.0,4.57,22.0,10.5669,72.642,IN,1643406250
vaini,-9.25,94.0,3.71,100.0,59.4617,40.1206,RU,1643406250
geraldton,2.83,65.0,5.63,70.0,54.7169,-113.2854,CA,1643406251
bontang,20.95,84.0,1.6,100.0,-18.1658,-47.9464,BR,1643406023
poum,19.1,89.0,3.58,81.0,22.2855,114.1577,HK,1643406034
pahrump,-3.95,93.0,7.2,100.0,60.5544,-151.2583,US,1643406312
codrington,1.85,28.0,2.06,100.0,35.2442,129.2139,KR,1643406312
castro,21.89,89.0,1.46,100.0,-9.4467,124.4781,ID,1643406312
kavaratti,25.73,73.0,3.96,32.0,-20.7377,116.8463,AU,1643406305
barentsburg,17.06,64.0,3.35,68.0,32.6667,-17.1,PT,1643406313
vaitupu,8.45,38.0,8.75,40.0,35.2784,-93.1338,US,1643406313
athabasca,19.59,72.0,3.58,0.0,-33.9258,18.4232,ZA,1643406134
catalao,27.97,84.0,4.92,20.0,-20.3297,-40.2925,BR,1643406314
borogontsy,8.87,83.0,2.24,99.0,51.3813,1.3862,GB,1643406314
kenai,-4.54,83.0,13.17,100.0,50.6789,156.125,RU,1643406315
samusu,-16.7,98.0,1.89,98.0,59.3259,54.3223,RU,1643406316
kefamenanu,-1.03,84.0,2.88,100.0,42.6001,-73.9662,US,1643406136
karratha,29.43,88.0,1.03,20.0,12.6664,100.9007,TH,1643406316
russellville,26.59,79.0,2.13,100.0,-4.352,152.2633,PG,1643406317
kuytun,24.27,20.0,14.92,3.0,-22.4667,-68.9333,CL,1643406210
cape town,11.25,67.0,3.5,5.0,29.0331,21.5482,LY,1643406317
vila velha,-15.98,94.0,8.33,100.0,73.5069,80.5464,RU,1643406318
margate,-23.12,91.0,1.37,3.0,46.6806,113.2792,MN,1643406318
bajo baudo,32.99,40.0,4.63,75.0,2.8197,-60.6733,BR,1643406318
arcachon,23.64,90.0,1.91,34.0,10.9995,122.6711,PH,1643406319
attawapiskat,-17.49,85.0,2.57,8.0,67.8557,20.2251,SE,1643406319
severo-kurilsk,6.12,62.0,5.66,100.0,36.2946,-76.2511,US,1643406320
yurla,31.78,76.0,2.26,53.0,15.5833,-87.2333,HN,1643406320
albany,22.74,68.0,4.03,37.0,22.9036,-83.1592,CU,1643406321
sattahip,15.62,63.0,5.83,97.0,20.15,92.9,MM,1643406321
gat,21.52,99.0,0.73,100.0,-0.5,117.15,ID,1643406321
kokopo,16.95,94.0,5.66,100.0,-37.8333,140.7667,AU,1643406322
calama,26.06,82.0,4.41,27.0,-20.2078,57.7625,MU,1643406322
jalu,-26.6,91.0,6.24,14.0,54.7183,135.315,RU,1643406323
mahadday weyne,24.19,57.0,6.47,0.0,-32.25,115.7667,AU,1643406323
dikson,25.39,22.0,2.99,99.0,7.85,9.7833,NG,1643406323
baruun-urt,13.51,76.0,5.44,100.0,28.3667,129.4833,JP,1643406305
boa vista,28.0,69.0,1.82,24.0,18.0264,-77.8487,JM,1643406324
dingle,6.94,81.0,2.57,100.0,57.0531,-135.33,US,1643406166
kiruna,-25.06,66.0,1.0,75.0,53.6039,91.3903,RU,1643406324
elizabeth city,25.98,69.0,3.6,40.0,21.4612,-71.1419,TC,1643406325
pevek,18.81,15.0,4.84,5.0,20.1986,1.0114,ML,1643406325
san juan pueblo,27.82,72.0,2.09,56.0,4.8,119.85,PH,1643406325
bahia honda,-5.27,75.0,4.12,100.0,43.2128,-75.4557,US,1643406325
akyab,16.6,87.0,2.94,12.0,-34.0033,24.7314,ZA,1643406386
samarinda,24.09,80.0,3.03,95.0,18.6089,-90.7454,MX,1643406386
mount gambier,-24.12,93.0,0.83,100.0,68.75,161.3,RU,1643406161
quatre cocos,-10.91,69.0,3.01,59.0,65.6145,-37.6368,GL,1643406158
qafsah,10.95,52.0,4.44,100.0,33.194,-82.5271,US,1643406387
chumikan,-0.71,96.0,1.24,99.0,33.0559,113.7978,CN,1643406387
kwinana,9.61,66.0,1.76,1.0,27.1,93.6167,IN,1643406387
wukari,27.1,53.0,2.32,74.0,7.7669,-72.225,VE,1643406388
naze,8.02,60.0,2.21,97.0,33.2833,134.15,JP,1643406388
black river,25.19,69.0,4.12,66.0,-23.5333,148.1667,AU,1643406235
sitka,21.04,88.0,2.57,0.0,-24.8667,113.6333,AU,1643406389
belyy yar,27.38,70.0,8.41,21.0,6.6221,73.07,MV,1643406161
cockburn town,19.53,33.0,3.31,94.0,30.4833,-115.95,MX,1643406389
tessalit,9.81,69.0,1.96,27.0,37.0965,-4.3887,ES,1643406389
manuk mangkaw,26.21,89.0,1.03,40.0,-20.5167,57.5167,MU,1643406390
roma,19.37,78.0,4.25,14.0,-33.5906,26.891,ZA,1643406391
bambous virieux,-23.97,94.0,2.3,86.0,67.8006,130.4114,RU,1643406392
kruisfontein,26.72,81.0,3.45,65.0,4.423,-7.3528,CI,1643406392
escarcega,27.46,75.0,1.62,91.0,-10.6167,150.6667,PG,1643406393
cherskiy,18.0,97.0,2.57,20.0,26.3544,127.8686,JP,1643406393
tasiilaq,7.74,93.0,1.54,0.0,41.591,9.2795,FR,1643406394
avera,-21.1,92.0,2.93,80.0,46.3317,132.2111,CN,1643406394
wencheng,23.65,86.0,6.23,100.0,-28.783,32.0377,ZA,1643406224
itanagar,25.14,82.0,2.68,12.0,-34.5833,150.8552,AU,1643406165
san cristobal,3.4,34.0,1.54,0.0,39.5994,-110.8107,US,1643406395
muroto,24.6,86.0,1.2,70.0,-2.65,10.0,GA,1643406396
emerald,10.9,87.0,0.0,0.0,18.2164,42.5053,SA,1643406396
carnarvon,-23.8,64.0,0.0,0.0,64.5011,-165.4064,US,1643406396
kulhudhuffushi,-23.99,70.0,7.2,100.0,71.2906,-156.7887,US,1643406397
san quintin,33.03,52.0,5.14,75.0,3.3803,-59.7968,GY,1643406397
archidona,-3.27,80.0,6.69,100.0,57.79,-152.4072,US,1643406397
souillac,25.63,81.0,4.48,6.0,-17.3411,-39.2208,BR,1643406398
port alfred,-12.93,76.0,8.01,100.0,59.3833,143.3,RU,1643406398
batagay-alyta,-23.72,98.0,2.21,59.0,46.4764,134.2569,RU,1643406398
tabou,-16.99,91.0,4.12,100.0,62.456,-114.3525,CA,1643406399
samarai,26.98,76.0,4.32,66.0,-0.7393,-90.3518,EC,1643406399
gushikawa,19.76,98.0,0.82,36.0,-14.8031,36.5372,MZ,1643406399
porto-vecchio,27.49,82.0,2.78,100.0,-2.0226,147.2712,PG,1643406400
saryshagan,0.05,82.0,1.54,100.0,41.3712,-73.414,US,1643406101
baoqing,-17.54,86.0,2.43,100.0,50.5667,123.7167,CN,1643406400
richards bay,14.32,57.0,5.63,87.0,39.05,-27.9833,PT,1643406401
flinders,22.06,27.0,2.24,0.0,36.6177,-121.9166,US,1643406401
price,1.01,74.0,5.66,0.0,44.7749,-117.8344,US,1643406402
gamba,22.06,70.0,4.95,93.0,14.8961,-24.4956,CV,1643406402
abha,16.26,16.0,1.34,0.0,37.1041,-113.5841,US,1643406232
nome,-18.68,87.0,2.24,100.0,71.9667,102.5,RU,1643406402
barrow,25.78,85.0,1.78,99.0,12.1791,125.5072,PH,1643406403
lethem,-20.98,71.0,3.6,100.0,65.282,-126.8329,CA,1643406463
kodiak,26.2,82.0,2.68,78.0,7.5264,-12.505,SL,1643406464
prado,24.5,73.0,2.65,77.0,-5.1989,-35.4608,BR,1643406220
okhotsk,-17.23,95.0,3.47,100.0,62.5333,155.8,RU,1643406464
luchegorsk,-16.42,64.0,4.0,100.0,72.7868,-56.1549,GL,1643406465
yellowknife,26.44,53.0,4.12,0.0,-31.4135,-64.1811,AR,1643406465
puerto ayora,-6.24,58.0,0.89,75.0,42.3256,-83.331,US,1643406465
cuamba,23.45,90.0,1.01,100.0,-16.3494,-53.7583,BR,1643406466
lorengau,23.77,74.0,2.43,10.0,-21.3585,55.7679,RE,1643406312
bethel,2.39,99.0,1.42,100.0,29.2195,119.477,CN,1643406466
alihe,27.32,53.0,2.24,5.0,22.8909,-109.9124,MX,1643406467
lagoa,15.79,92.0,1.26,100.0,-8.9266,125.4092,TL,1643406467
pacific grove,22.35,92.0,0.79,64.0,-9.5618,-48.3967,BR,1643406467
baker city,24.75,60.0,4.63,0.0,-18.475,-70.3042,CL,1643406468
sao filipe,-14.05,97.0,1.45,100.0,54.5667,54.1167,RU,1643406468
saint george,1.04,71.0,7.2,100.0,63.4427,-20.2734,IS,1643406468
khatanga,24.55,95.0,1.14,100.0,-7.7136,-66.9764,BR,1643406469
san policarpo,22.05,73.0,2.06,0.0,17.0151,54.0924,OM,1643406469
tidore,11.08,34.0,3.17,2.0,24.6877,46.7219,SA,1643406164
mys shmidta,18.06,24.0,2.24,69.0,32.5056,-110.9211,US,1643406469
norman wells,18.61,98.0,0.1,100.0,22.8333,104.9833,VN,1643406470
bonthe,-5.99,85.0,4.92,100.0,43.3236,145.575,JP,1643406470
touros,-20.43,87.0,2.12,22.0,54.1,123.5667,RU,1643406471
omsukchan,-19.94,65.0,4.63,0.0,49.7502,-77.6328,CA,1643406471
upernavik,-24.53,94.0,1.02,100.0,67.45,153.6833,RU,1643406471
cordoba,8.88,62.0,2.95,0.0,25.9333,81.9833,IN,1643406472
garden city,23.13,54.0,5.14,0.0,-33.0393,-71.6273,CL,1643406314
khonuu,32.71,47.0,3.49,25.0,18.7333,-103.6833,MX,1643406472
guiratinga,23.01,71.0,8.94,0.0,-38.0023,-57.5575,AR,1643406473
saint-philippe,11.06,87.0,1.88,88.0,18.3851,42.4509,SA,1643406473
lanxi,11.73,39.0,0.45,0.0,39.1638,-119.7674,US,1643406306
cabo san lucas,29.2,33.0,3.45,91.0,1.7471,40.0573,KE,1643406474
airai,4.98,84.0,3.82,100.0,52.9282,12.8031,DE,1643406474
miracema do tocantins,-8.92,92.0,3.0,17.0,43.0645,44.7417,RU,1643406474
arica,-3.77,81.0,3.58,100.0,39.9612,-82.9988,US,1643406188
kandry,3.22,63.0,2.13,23.0,43.8833,5.4,FR,1643406475
vestmannaeyjar,12.32,62.0,2.94,100.0,25.8167,-103.85,MX,1643406475
pauini,16.82,77.0,3.09,64.0,-34.5322,20.0403,ZA,1643406475
salalah,-20.78,99.0,3.4,99.0,71.6872,128.8694,RU,1643406476
riyadh,20.07,91.0,2.53,61.0,15.1167,108.8,VN,1643406476
catalina,-9.82,51.0,1.79,100.0,45.0205,-93.218,US,1643406477
hambantota,24.66,86.0,1.57,100.0,-3.8004,102.2655,ID,1643406477
ha giang,0.93,97.0,0.51,100.0,46.4154,3.9054,FR,1643406477
nemuro,-21.58,85.0,1.56,83.0,47.4667,84.8667,KZ,1643406478
takhtamygda,13.89,38.0,1.05,0.0,20.5833,74.2,IN,1643406478
matagami,17.92,12.0,0.45,99.0,34.1356,-116.0542,US,1643406258
srednekolymsk,-24.0,77.0,1.03,100.0,66.1451,-65.7125,CA,1643406478
bela,15.99,59.0,4.63,0.0,25.2867,51.5333,QA,1643406540
valparaiso,-4.66,93.0,5.66,100.0,64.1835,-51.7216,GL,1643406426
coahuayana,9.86,93.0,4.47,100.0,50.8284,-0.1395,GB,1643406329
mar del plata,13.17,60.0,0.45,20.0,28.0996,-16.681,ES,1643406541
faya,-24.84,99.0,1.0,100.0,52.7011,118.8077,RU,1643406541
umzimvubu,-25.15,92.0,0.99,46.0,53.6167,109.6167,RU,1643406542
carson city,23.79,94.0,0.23,100.0,-4.3878,-59.5939,BR,1643406543
wajir,-9.98,63.0,9.76,3.0,42.63,131.0922,RU,1643406543
neuruppin,-0.08,76.0,6.99,100.0,57.8,158.6667,RU,1643406544
oktyabrskoye,14.05,51.0,6.17,0.0,28.9684,50.8385,IR,1643406544
columbus,7.64,41.0,0.92,61.0,45.4612,8.0137,IT,1643406544
apt,15.61,47.0,0.0,0.0,40.5982,-124.1573,US,1643406545
mapimi,-3.82,74.0,2.06,100.0,54.7804,-127.1743,CA,1643406405
bredasdorp,-22.11,84.0,3.0,0.0,52.3,76.95,KZ,1643406545
tiksi,5.88,48.0,1.53,78.0,36.3,139.8,JP,1643406546
quang ngai,8.54,94.0,0.43,5.0,22.9333,97.75,MM,1643406546
saint anthony,26.89,62.0,3.53,21.0,0.5333,72.9333,MV,1643406546
bengkulu,-0.11,53.0,6.27,52.0,64.2539,-15.2082,IS,1643406547
saint-francois,25.98,94.0,0.0,20.0,-0.7193,8.7815,GA,1643406532
zaysan,8.14,44.0,0.0,100.0,34.0454,-81.1293,US,1643406547
satana,13.02,38.0,4.12,75.0,31.8913,-85.1455,US,1643406548
twentynine palms,-27.55,95.0,4.75,10.0,53.5739,142.9478,RU,1643406548
pangnirtung,-16.03,97.0,2.17,100.0,54.7914,65.9864,RU,1643406548
newport,26.88,78.0,3.6,40.0,-0.95,-80.7333,EC,1643406425
doha,16.2,74.0,1.88,56.0,-33.5907,22.2014,ZA,1643406549
nuuk,-17.11,93.0,5.46,100.0,69.4865,88.3972,RU,1643406549
brighton,18.48,28.0,3.6,8.0,4.05,38.3,ET,1643406550
arona,5.97,35.0,1.99,0.0,39.8916,-5.5406,ES,1643406550
ust-karsk,11.07,94.0,5.36,100.0,58.2093,-6.3865,GB,1643406550
barguzin,-26.56,87.0,0.53,32.0,56.9064,118.2631,RU,1643406551
borba,22.17,63.0,5.56,70.0,-30.1811,-50.2056,BR,1643406551
zarubino,26.09,81.0,2.46,100.0,-3.3333,128.9167,ID,1643406551
kachikau,-3.01,86.0,4.12,100.0,47.6666,-52.7314,CA,1643406552
bushehr,-29.76,98.0,0.78,70.0,49.7386,84.2719,KZ,1643406553
bose,24.88,79.0,6.17,80.0,-23.1333,150.7333,AU,1643406553
fortuna,-25.77,99.0,1.41,100.0,56.1667,91.8167,RU,1643406554
smithers,17.74,68.0,0.35,91.0,-46.2817,169.8464,NZ,1643406554
pavlodar,2.84,60.0,1.54,89.0,34.6667,138.95,JP,1643406555
oyama,9.41,93.0,7.31,98.0,52.6083,1.7305,GB,1643406555
lashio,3.29,74.0,2.14,29.0,36.9559,36.2,TR,1643406464
thinadhoo,-1.57,72.0,7.23,17.0,55.4167,22.6167,LT,1643406555
hofn,22.3,79.0,0.45,75.0,-12.0432,-77.0282,PE,1643406266
port-gentil,28.81,63.0,2.44,41.0,15.8436,-96.3267,MX,1643406556
saint andrews,21.03,78.0,5.43,58.0,-33.0153,27.9116,ZA,1643406556
eufaula,26.99,79.0,2.17,75.0,11.1373,123.7228,PH,1643406557
okha,0.42,68.0,0.59,99.0,50.6856,-121.942,CA,1643406617
polovinnoye,21.72,58.0,5.31,100.0,-35.1667,173.1667,NZ,1643406617
manta,8.54,30.0,2.63,1.0,34.8014,-106.5436,US,1643406339
oudtshoorn,17.99,77.0,2.56,2.0,-37.6167,-73.65,CL,1643406618
talnakh,17.99,86.0,7.59,54.0,-28.55,16.4333,NA,1643406618
mega,-5.31,66.0,0.51,0.0,37.5683,126.9778,KR,1643406470
navalmoral de la mata,25.63,79.0,3.8,5.0,-17.7125,-39.2481,BR,1643406619
stornoway,21.61,83.0,1.75,83.0,10.9333,108.1,VN,1643406619
chara,23.01,68.0,5.14,40.0,-29.4667,149.85,AU,1643406620
cidreira,27.96,58.0,4.13,0.0,17.9583,-102.2,MX,1643406620
amahai,20.39,64.0,3.3,56.0,-33.6971,-53.4616,UY,1643406531
torbay,-28.27,97.0,2.77,18.0,63.7553,121.6247,RU,1643406621
marystown,-40.16,99.0,1.25,90.0,62.6667,135.6,RU,1643406621
acuna,-14.67,81.0,2.06,11.0,39.6603,35.8836,TR,1643406621
zyryanovsk,-7.8,67.0,7.2,75.0,50.2334,-63.5986,CA,1643406622
yeppoon,-18.25,98.0,4.25,100.0,61.15,149.6333,RU,1643406622
mutsamudu,-0.3,91.0,8.63,100.0,51.4376,24.44,UA,1643406622
kedrovyy,23.08,12.0,1.16,100.0,20.5022,-10.0711,MR,1643406444
kaitangata,-14.09,78.0,7.72,40.0,78.2186,15.6401,SJ,1643406623
grande-riviere,25.04,67.0,2.6,19.0,17.8868,-77.5902,JM,1643406623
shimoda,24.25,57.0,2.94,14.0,-23.9667,21.8667,BW,1643406624
great yarmouth,-22.8,97.0,1.78,6.0,65.5833,-171.0,RU,1643406602
erzin,17.58,30.0,0.0,0.0,42.4165,-122.8345,US,1643406405
skaudvile,3.56,73.0,7.2,100.0,36.1501,-86.2833,US,1643406624
lima,22.26,72.0,2.24,80.0,-44.4,171.25,NZ,1643406624
huatulco,23.38,70.0,7.79,99.0,7.9803,49.8164,SO,1643406625
east london,-26.63,97.0,2.43,31.0,61.4681,128.9203,RU,1643406625
sulangan,17.99,77.0,5.66,100.0,20.931,-17.0347,MR,1643406626
bolobo,13.22,67.0,2.57,40.0,38.5167,-28.7,PT,1643406626
lillooet,26.41,85.0,1.88,100.0,-17.5333,146.0333,AU,1643406626
ahipara,16.02,84.0,0.36,58.0,19.8856,102.1347,LA,1643406627
meadow lake,31.21,32.0,4.92,8.0,-31.5375,-68.5364,AR,1643406499
lebu,22.58,24.0,1.21,31.0,27.9769,-114.0611,MX,1643406627
oranjemund,35.22,16.0,1.15,0.0,-39.0333,-67.5833,AR,1643406628
seoul,21.64,64.0,1.94,32.0,-0.3089,32.225,UG,1643406628
caravelas,22.54,82.0,2.78,100.0,-15.1961,12.1522,AO,1643406628
karaul,27.88,45.0,3.4,64.0,8.0086,-62.3989,VE,1643406629
phan thiet,2.49,69.0,3.69,44.0,46.6166,10.7002,IT,1643406629
moree,22.44,35.0,1.4,100.0,-39.8833,176.6333,NZ,1643406629
lazaro cardenas,17.95,24.0,4.88,4.0,11.7853,7.6218,NG,1643406630
chuy,0.22,48.0,2.83,100.0,35.7333,140.8333,JP,1643406595
vilyuysk,22.4,15.0,4.47,0.0,16.4145,-3.6708,ML,1643406631
khandyga,-22.24,98.0,1.11,100.0,50.7214,136.6319,RU,1643406631
akdagmadeni,-6.94,93.0,4.63,75.0,58.5169,-117.136,CA,1643406631
havre-saint-pierre,26.34,88.0,3.09,40.0,13.2167,-59.5167,BB,1643406632
ust-omchug,13.86,63.0,4.63,0.0,28.6585,-17.9182,ES,1643406632
stara vyzhivka,27.03,78.0,2.24,92.0,11.035,119.7136,PH,1643406692
adrar,7.99,86.0,0.45,100.0,34.8791,-76.9013,US,1643406693
longyearbyen,28.12,78.0,3.0,31.0,5.7947,0.8973,GH,1643406693
bull savanna,24.88,69.0,1.95,100.0,-5.1241,120.253,ID,1643406693
lehututu,22.39,99.0,1.49,98.0,-1.7711,-47.4381,BR,1643406694
lavrentiya,-18.45,98.0,1.46,18.0,64.3833,-173.3,RU,1643406694
jackson,14.91,83.0,5.8,0.0,-33.8667,121.9,AU,1643406694
wilson,18.23,51.0,2.07,92.0,-46.1333,167.6833,NZ,1643406530
timaru,19.85,72.0,5.66,0.0,-29.9533,-71.3436,CL,1643406099
mokhsogollokh,23.72,20.0,1.54,0.0,34.6391,-120.4579,US,1643406695
nouadhibou,4.3,91.0,1.36,4.0,24.9227,102.485,CN,1643406695
ribeira grande,28.28,82.0,3.74,43.0,-15.8631,-38.8828,BR,1643406584
innisfail,-4.09,89.0,1.34,100.0,39.1834,-84.5333,US,1643406662
luang prabang,-0.03,59.0,7.72,75.0,70.8578,29.0864,NO,1643406696
san juan,22.79,92.0,0.59,43.0,2.05,99.75,ID,1643406696
guerrero negro,8.16,59.0,7.96,100.0,32.6881,128.8419,JP,1643406697
general roca,15.99,88.0,1.0,100.0,23.5656,116.8194,CN,1643406697
kalangala,5.28,51.0,10.29,0.0,42.8666,-106.3131,US,1643406697
sentyabrskiy,24.07,78.0,3.09,40.0,-32.25,148.6167,AU,1643406698
upata,11.58,73.0,3.62,0.0,42.7762,-9.0603,ES,1643406698
lasa,23.82,69.0,2.06,0.0,-21.3393,55.4781,RE,1643406699
otane,-15.02,55.0,3.6,75.0,64.8378,-147.7164,US,1643406602
malumfashi,28.03,69.0,3.75,3.0,16.45,-85.85,HN,1643406699
warqla,11.36,84.0,1.79,75.0,53.3925,-2.5802,GB,1643406700
sindand,4.5,46.0,3.13,0.0,43.7094,-98.0298,US,1643406596
goundam,6.06,77.0,1.97,100.0,34.2257,-77.9447,US,1643406700
solnechnyy,28.06,83.0,3.6,75.0,-3.3542,-64.7114,BR,1643406701
high level,28.1,75.0,2.63,99.0,-2.5744,150.7967,PG,1643406701
bathsheba,27.9,78.0,1.74,69.0,6.4965,2.6036,BJ,1643406574
los llanos de aridane,28.25,72.0,0.8,100.0,-8.2686,-72.7439,BR,1643406701
port lincoln,15.76,63.0,1.49,100.0,40.8021,-124.1637,US,1643406626
casian,22.33,79.0,4.0,100.0,-10.0681,-78.1522,PE,1643406702
havelock,21.0,81.0,0.89,43.0,-35.5667,138.6167,AU,1643406672
anloga,-33.53,96.0,1.41,100.0,68.5333,146.4167,RU,1643406702
sinjai,-20.32,96.0,2.71,100.0,58.8353,125.4869,RU,1643406703
irituia,5.69,89.0,1.96,89.0,48.3333,-0.6667,FR,1643406703
provideniya,24.28,74.0,3.05,80.0,12.7794,45.0367,YE,1643406439
esperance,18.05,94.0,1.77,100.0,-9.6608,20.3916,AO,1643406703
tuatapere,12.14,89.0,14.51,100.0,58.5927,-3.5259,GB,1643406704
coquimbo,-26.59,99.0,0.83,67.0,49.4867,105.9228,MN,1643406704
vagay,18.43,22.0,4.78,50.0,29.9833,-109.7833,MX,1643406704
lompoc,24.16,63.0,0.89,40.0,-24.7859,-65.4117,AR,1643406555
lianran,25.61,53.0,5.66,20.0,-29.6842,-53.8069,BR,1643406545
belmonte,18.03,81.0,9.95,0.0,-33.0117,17.9442,ZA,1643406676
hamilton,-14.56,95.0,2.05,22.0,44.0787,-80.2041,CA,1643406705
berlevag,-17.09,91.0,2.26,54.0,40.8926,44.1992,AM,1643406765
bandar,6.09,88.0,8.05,100.0,61.9875,5.1352,NO,1643406766
fukue,24.42,81.0,2.7,5.0,-23.865,35.3833,MZ,1643406766
casper,21.19,92.0,3.65,0.0,-25.1667,45.05,MG,1643406767
amga,-4.05,92.0,16.4,92.0,66.0449,-17.3389,IS,1643406767
muros,23.29,91.0,0.91,96.0,-13.2,49.05,MG,1643406768
saint-pierre,25.67,84.0,2.86,100.0,-6.8844,112.2051,ID,1643406768
fairbanks,33.03,63.0,2.68,20.0,11.2408,-74.199,CO,1643406769
savannah bight,25.25,80.0,2.68,13.0,-34.6833,150.8667,AU,1643406604
nam tha,5.68,81.0,0.83,1.0,28.1667,94.7667,IN,1643406769
warrington,28.94,79.0,5.66,86.0,-19.0595,-169.9187,NU,1643406769
yerbogachen,-2.99,68.0,2.06,100.0,50.9832,-118.2023,CA,1643406770
wilmington,15.32,33.0,4.12,0.0,29.5667,-104.4167,MX,1643406770
tefe,16.01,36.0,3.13,0.0,29.4608,-95.0513,US,1643406771
kavieng,1.12,31.0,6.69,0.0,41.7911,-107.2387,US,1643406771
porto novo,-4.67,93.0,4.0,100.0,53.0452,158.6483,RU,1643406771
porto walter,23.37,18.0,4.96,8.0,10.4795,16.7117,TD,1643406772
eureka,-0.12,80.0,5.08,47.0,53.596,19.5685,PL,1643406768
huarmey,11.59,52.0,0.92,0.0,26.7667,92.1333,IN,1643406772
victor harbor,25.93,83.0,7.73,62.0,8.5711,81.2335,LK,1643406772
belaya gora,25.99,85.0,1.59,100.0,-6.1349,12.3689,AO,1643406773
nizhniy kuranakh,25.03,93.0,2.19,68.0,-0.115,-51.2894,BR,1643406773
mayenne,-11.78,95.0,1.78,100.0,50.2289,-99.4664,CA,1643406773
aden,-7.67,75.0,7.58,100.0,66.9395,-53.6735,GL,1643406774
saurimo,-7.36,95.0,5.33,100.0,51.3223,42.7678,RU,1643406656
kesennuma,8.05,76.0,7.2,75.0,37.2242,67.2783,UZ,1643406774
darhan,-16.35,97.0,2.73,100.0,62.7084,56.1964,RU,1643406775
cumpas,-9.53,95.0,3.36,100.0,60.9167,-46.05,GL,1643406619
salta,-7.31,42.0,2.07,1.0,40.2833,97.2,CN,1643406776
santa maria,-18.83,98.0,1.65,100.0,58.4497,92.1703,RU,1643406776
saldanha,-26.7,93.0,0.34,10.0,48.5722,83.6542,KZ,1643406776
shelburne,25.51,86.0,1.81,98.0,12.2188,125.4808,PH,1643406777
gogaran,8.89,54.0,1.44,2.0,29.85,74.95,IN,1643406777
raudeberg,-1.01,74.0,9.26,75.0,70.3705,31.1107,NO,1643406778
inhambane,14.99,96.0,1.5,100.0,-9.3,32.7667,TZ,1643406778
vanavara,8.75,86.0,1.77,0.0,43.213,-8.691,ES,1643406778
xiangdong,9.07,59.0,3.31,38.0,36.9716,24.7231,GR,1643406779
beloha,18.86,78.0,7.15,98.0,8.4054,48.4845,SO,1643406779
husavik,22.54,13.0,5.39,96.0,22.6783,-3.9836,ML,1643406839
mount isa,-24.24,96.0,3.24,98.0,62.0989,126.6992,RU,1643406840
ambilobe,19.42,75.0,3.09,0.0,24.4667,54.3667,AE,1643406225
labuhan,17.7,84.0,3.91,45.0,-22.116,14.2845,NA,1643406636
santa marta,24.12,86.0,1.03,100.0,-8.345,113.6058,ID,1643406840
kiama,28.36,41.0,5.09,0.0,-33.7333,-70.75,CL,1643406637
along,22.68,21.0,2.96,100.0,20.5169,-13.0499,MR,1643406738
alofi,23.56,87.0,1.64,34.0,9.285,105.7244,VN,1643406841
muravlenko,22.01,23.0,2.04,43.0,7.7029,27.9953,SS,1643406841
revelstoke,24.06,69.0,1.88,12.0,-14.0214,-41.2481,BR,1643406842
rungata,17.49,96.0,0.34,100.0,-10.5414,32.0816,ZM,1643406842
ojinaga,22.71,97.0,0.84,17.0,-16.92,35.262,MW,1643406842
dickinson,23.56,87.0,3.78,38.0,-14.2667,50.1667,MG,1643406843
rawlins,26.61,81.0,3.59,58.0,4.375,-7.7169,LR,1643406843
petropavlovsk-kamchatskiy,26.05,73.0,3.09,40.0,13.0667,-59.5333,BB,1643406774
halalo,10.77,98.0,7.2,99.0,51.0333,-4.2167,GB,1643406844
bousso,-18.62,96.0,2.13,100.0,54.3663,77.2981,RU,1643406844
ilawa,20.18,73.0,3.18,31.0,-25.4,-70.4833,CL,1643406620
udalguri,12.9,67.0,4.56,28.0,32.5341,20.5791,LY,1643406844
trincomalee,26.71,62.0,3.6,6.0,20.0431,-77.5828,CU,1643406845
soyo,12.18,72.0,8.8,91.0,37.1904,10.1837,TN,1643406845
mazagao,26.74,86.0,3.13,97.0,-8.7676,160.7034,SB,1643406845
neepawa,-22.43,96.0,1.76,100.0,68.0546,166.4372,RU,1643406846
bolshoye soldatskoye,-7.68,96.0,2.88,100.0,60.1025,32.3019,RU,1643406846
sisimiut,22.63,70.0,3.46,90.0,-21.5667,21.7833,BW,1643406846
perrenjas,27.74,48.0,3.45,18.0,20.255,-76.5386,CU,1643406847
kamenka,29.63,30.0,2.81,0.0,-40.9167,-73.1667,CL,1643406847
termiz,1.43,75.0,5.14,75.0,60.7161,-135.0538,CA,1643406847
parabel,27.18,32.0,5.69,91.0,-23.3167,17.0833,NA,1643406848
troitsko-pechorsk,26.16,70.0,0.89,1.0,-32.7167,152.15,AU,1643406848
narsaq,7.09,88.0,2.24,100.0,48.9167,2.3333,FR,1643406848
yumen,-16.39,96.0,5.05,96.0,65.7,82.4667,RU,1643406849
yeniseysk,13.61,41.0,11.75,0.0,29.5833,-9.5,MA,1643406849
kurchum,-21.67,83.0,0.0,20.0,64.75,177.4833,RU,1643406849
alugan,17.36,95.0,1.67,98.0,-2.0833,101.3833,ID,1643406850
saleaula,17.61,75.0,4.59,0.0,-35.3333,-72.4167,CL,1643406786
lolua,-18.0,65.0,5.14,100.0,51.2585,-80.6094,CA,1643406850
shipunovo,22.8,94.0,0.31,45.0,2.1,99.8333,ID,1643406850
kalanwali,-9.13,51.0,2.06,75.0,48.4001,-89.3168,CA,1643406850
vardo,27.04,65.0,3.54,13.0,23.45,-110.2167,MX,1643406851
tunduma,-0.63,68.0,4.16,88.0,59.5671,17.5278,SE,1643406851
carballo,25.59,24.0,3.09,0.0,-34.426,-58.5796,AR,1643406852
apollonia,5.21,28.0,2.59,0.0,32.31,54.0175,IR,1643406852
garowe,11.92,52.0,0.45,88.0,45.5234,-122.6762,US,1643406807
amderma,-21.9,98.0,3.39,97.0,66.5606,67.7975,RU,1643406853
taoudenni,-15.82,55.0,3.6,75.0,64.8569,-147.8028,US,1643406913
berdigestyakh,23.54,76.0,8.98,64.0,9.4942,50.8122,SO,1643406913
abu dhabi,1.32,77.0,1.79,40.0,40.6576,-73.5832,US,1643406914
henties bay,24.91,53.0,4.63,70.0,-25.2406,130.9889,AU,1643406914
ambulu,27.18,70.0,6.65,57.0,5.1033,73.0708,MV,1643406914
tasbuget,18.95,88.0,3.13,100.0,-38.1471,144.3607,AU,1643406915
buin,2.12,64.0,4.63,72.0,57.6409,18.296,SE,1643406915
atar,26.19,89.0,0.78,46.0,-1.9417,-54.7383,BR,1643406915
bac lieu,6.67,99.0,0.72,100.0,-5.4667,143.2,PG,1643406916
waw,3.92,91.0,1.3,100.0,47.8,3.5667,FR,1643406916
tanhacu,25.19,86.0,1.04,14.0,5.203,96.7009,ID,1643406916
nsanje,19.69,92.0,0.65,100.0,-6.1333,24.4833,CD,1643406917
sambava,20.36,58.0,1.39,99.0,-45.75,170.5667,NZ,1643406917
tumannyy,30.01,76.0,7.78,25.0,-17.7333,-149.15,PF,1643406917
harper,22.31,89.0,3.52,100.0,-3.2778,-39.2689,BR,1643406918
oistins,-6.06,52.0,2.21,0.0,42.8,93.45,CN,1643406918
northam,21.23,66.0,3.6,32.0,-23.65,-70.4,CL,1643406918
kupino,-0.96,50.0,2.57,100.0,70.9821,25.9704,NO,1643406919
taltal,24.31,12.0,2.24,100.0,33.7,-117.7675,US,1643406919
tukrah,23.91,87.0,1.84,88.0,-7.95,110.2833,ID,1643406920
niquero,10.61,40.0,3.6,0.0,24.0934,32.907,EG,1643406920
rafraf,27.02,83.0,2.06,40.0,11.6667,92.75,IN,1643406920
auki,-4.88,64.0,7.72,75.0,39.7684,-86.1555,US,1643406786
bilibino,3.53,78.0,2.57,75.0,36.3487,-82.2107,US,1643406921
novaya ladoga,23.49,21.0,4.36,100.0,32.3333,-117.0333,MX,1643406921
ghanzi,-5.17,86.0,4.68,100.0,51.226,-58.6502,CA,1643406921
guisa,27.03,74.0,4.63,40.0,-20.3167,118.5667,AU,1643406922
purranque,19.7,38.0,1.47,43.0,2.7739,27.616,CD,1643406922
whitehorse,25.58,69.0,7.13,41.0,-25.2986,152.8535,AU,1643406922
rehoboth,21.72,86.0,3.92,91.0,-22.323,27.8349,BW,1643406923
nelson bay,25.4,84.0,8.86,100.0,-22.6667,167.4833,NC,1643406923
saint-denis,28.32,73.0,3.27,87.0,-8.103,156.8419,SB,1643406923
krasnoselkup,25.96,65.0,5.14,14.0,-23.85,151.25,AU,1643406924
moiyabana,-11.72,61.0,4.12,53.0,43.7501,-81.7165,CA,1643406924
tiznit,9.82,54.0,1.52,0.0,25.5198,90.2201,IN,1643406924
anadyr,27.76,55.0,1.04,72.0,1.1983,-70.1733,CO,1643406925
sungaipenuh,28.03,23.0,1.09,4.0,4.7717,33.5903,SS,1643406925
constitucion,1.72,84.0,1.79,100.0,39.9523,-75.1638,US,1643406767
moose factory,29.56,39.0,3.12,80.0,20.7,-105.2,MX,1643406794
rantauprapat,22.57,86.0,4.59,100.0,-2.9248,-39.9167,BR,1643406926
thunder bay,-19.82,96.0,2.33,100.0,62.7167,147.95,RU,1643406926
todos santos,30.98,24.0,3.92,0.0,-29.15,-59.65,AR,1643406926
balsta,-4.26,69.0,3.01,0.0,34.5,69.4167,AF,1643406646
tigre,20.67,91.0,2.1,46.0,13.0833,109.3,VN,1643406927
bolungarvik,24.71,93.0,0.31,100.0,-8.4667,118.7167,ID,1643406927
palabuhanratu,-17.56,96.0,2.42,100.0,57.5817,83.7692,RU,1643406928
ardakan,-0.69,93.0,6.72,95.0,48.5158,33.1733,UA,1643406928
portland,27.14,65.0,0.89,3.0,21.4447,-157.8378,US,1643406988
aksarka,19.37,84.0,0.33,100.0,-28.9347,-49.4858,BR,1643406989
la rioja,27.3,62.0,6.66,33.0,3.7833,72.9667,MV,1643406989
college,22.8,92.0,2.3,84.0,-7.0219,-45.4811,BR,1643406989
bandarbeyla,18.14,93.0,0.96,20.0,7.9986,124.2928,PH,1643406990
freeport,22.58,74.0,5.53,100.0,-7.4006,-79.5714,PE,1643406832
yulara,22.88,96.0,2.4,100.0,-1.8283,-44.8683,BR,1643406990
eydhafushi,25.96,86.0,1.0,74.0,4.1363,96.1285,ID,1643406819
geelong,8.08,29.0,4.63,20.0,53.5835,-116.4356,CA,1643406991
visby,8.75,76.0,4.63,75.0,50.6996,-127.4199,CA,1643406737
alenquer,12.12,71.0,5.14,75.0,35.8614,14.3822,MT,1643406991
porgera,10.03,53.0,2.03,0.0,27.9167,96.1667,IN,1643406991
auxerre,6.08,49.0,1.5,99.0,35.95,140.3167,JP,1643406992
bireun,28.57,62.0,4.65,0.0,16.5167,-98.75,MX,1643406992
alice springs,-6.98,93.0,2.36,100.0,60.7167,-46.0333,GL,1643406993
kabinda,22.02,72.0,1.23,28.0,-20.2208,-70.1431,CL,1643406993
waitati,5.53,93.0,0.0,0.0,42.1362,-0.4087,ES,1643406993
trairi,3.9,93.0,0.51,20.0,36.7525,3.042,DZ,1643406816
hami,29.88,75.0,9.08,38.0,-13.8745,-171.5986,WS,1643406994
antofagasta,27.62,31.0,2.33,1.0,18.4667,-102.4167,MX,1643406994
honningsvag,-1.95,93.0,4.71,100.0,56.0209,29.9284,RU,1643406995
orange,7.99,81.0,2.52,100.0,25.1167,114.3,CN,1643406995
bambanglipuro,27.47,74.0,7.24,11.0,-16.4833,-151.75,PF,1643406995
aswan,23.34,93.0,1.0,31.0,-2.4008,11.3581,GA,1643406996
port blair,25.6,66.0,7.29,20.0,11.2833,-15.8333,GW,1643406996
marion,-40.11,99.0,0.91,99.0,62.2167,135.8,RU,1643406996
elizabethton,-27.85,97.0,2.65,20.0,63.4453,120.3167,RU,1643406997
rosarito,23.13,92.0,1.91,47.0,5.9485,80.5353,LK,1643406997
saint-augustin,23.89,47.0,3.5,19.0,15.0167,74.0167,IN,1643406997
port hedland,1.64,95.0,2.1,100.0,65.5333,13.4063,NO,1643406998
isiro,17.44,96.0,1.58,91.0,-18.9281,29.8149,ZW,1643406998
hervey bay,15.93,59.0,0.14,99.0,19.25,100.25,TH,1643406998
mogapi,22.22,93.0,3.45,95.0,-4.2444,-42.2944,BR,1643406999
vao,28.35,91.0,0.3,100.0,-3.2003,-59.8119,BR,1643406999
gizo,-0.81,96.0,4.37,100.0,51.4185,36.7499,RU,1643406999
gladstone,9.13,46.0,7.06,100.0,33.5443,-84.2338,US,1643407000
goderich,11.76,67.0,3.16,21.0,29.1081,21.2869,LY,1643407000
tura,26.49,60.0,4.63,40.0,21.3469,-158.0858,US,1643407000
mitu,-13.79,60.0,2.06,20.0,50.1001,-91.917,CA,1643407001
kapoeta,20.42,37.0,0.89,100.0,39.1502,-123.2078,US,1643407001
ixtapa,-23.41,97.0,0.86,100.0,64.5667,143.2,RU,1643407002
doctor pedro p. pena,20.04,87.0,1.62,92.0,-18.4733,-47.2003,BR,1643407002
itarema,11.01,44.0,3.91,0.0,31.5608,48.1831,IR,1643407002
kholodnyy,18.97,70.0,3.05,8.0,-34.4833,-54.3333,UY,1643406927
reconquista,27.69,78.0,4.63,75.0,-9.6658,-35.7353,BR,1643406844
kabul,-1.17,92.0,7.34,100.0,46.1961,41.0775,RU,1643407063
tuy hoa,1.78,67.0,2.9,59.0,45.9,27.6167,RO,1643407064
bima,26.22,80.0,1.34,4.0,-20.0064,57.6608,MU,1643407064
molchanovo,0.9,71.0,5.73,90.0,54.5805,16.8619,PL,1643407064
novyy starodub,-10.34,76.0,1.45,1.0,33.9675,68.9486,AF,1643407065
sorvag,25.04,87.0,1.43,71.0,10.6667,122.95,PH,1643406994
ahuimanu,7.27,87.0,0.45,78.0,48.9329,-125.5528,CA,1643407065
marcona,-24.63,99.0,1.65,100.0,46.4856,135.8833,RU,1643407065
ararangua,-14.69,86.0,1.13,20.0,34.388,67.0233,AF,1643407066
mahibadhoo,16.98,56.0,2.97,58.0,-45.4167,167.7167,NZ,1643407066
sao raimundo das mangabeiras,27.71,68.0,3.61,53.0,-35.35,150.4667,AU,1643407067
marawi,9.46,46.0,1.65,0.0,27.8,76.95,IN,1643407067
pacasmayo,-20.92,83.0,4.36,3.0,52.0,127.7,RU,1643407067
cururupu,27.41,66.0,7.21,9.0,5.6667,73.0,MV,1643407068
meulaboh,23.23,56.0,1.58,100.0,-19.5667,18.1167,NA,1643407068
edson,16.64,98.0,1.91,100.0,-12.1688,26.3894,ZM,1643407068
longlac,25.01,77.0,5.03,24.0,10.6678,-63.2585,VE,1643407069
port hardy,-4.03,74.0,2.06,100.0,60.7522,-137.5108,CA,1643406824
dingli,-1.85,60.0,4.92,0.0,42.8713,-112.4455,US,1643407069
tezu,18.86,82.0,3.6,15.0,-41.0667,145.9167,AU,1643407070
edosaki,-5.24,81.0,3.21,24.0,41.9563,42.9566,GE,1643407070
tecoanapa,6.0,48.0,0.97,100.0,33.7667,130.4667,JP,1643407070
julana,7.39,70.0,2.73,0.0,29.8,76.3833,IN,1643407071
qaqortoq,31.45,29.0,4.83,58.0,8.1222,-63.5497,VE,1643407071
iquique,-14.08,97.0,1.46,98.0,58.4619,56.4165,RU,1643407021
huesca,-23.53,94.0,1.56,40.0,52.2861,85.4131,RU,1643407071
yar-sale,27.47,18.0,1.77,59.0,7.7392,-2.1046,GH,1643407072
lufilufi,26.8,17.0,4.62,99.0,16.3333,-15.0,SN,1643407072
arteaga,9.0,94.0,12.67,100.0,60.1545,-1.1494,GB,1643407073
nevel,-9.62,95.0,1.95,100.0,63.3167,30.0167,FI,1643407073
xiongzhou,29.83,43.0,3.17,79.0,-23.4923,-58.7972,PY,1643407073
haibowan,0.43,43.0,4.63,92.0,59.2741,15.2066,SE,1643407074
faanui,24.26,88.0,1.41,80.0,1.7427,98.7792,ID,1643407074
ndende,4.54,50.0,0.89,100.0,46.5927,-112.0361,US,1643407074
bubaque,11.89,30.0,2.84,0.0,31.8424,-102.4988,US,1643407075
dzhebariki-khaya,1.32,70.0,0.55,2.0,36.2133,58.7958,IR,1643407075
verkhnevilyuysk,-4.67,87.0,11.22,100.0,61.994,-49.6678,GL,1643407075
matara,-20.03,77.0,4.0,63.0,51.1801,71.446,KZ,1643407076
kankon,21.5,95.0,0.88,81.0,17.4189,121.4443,PH,1643406956
trofors,17.45,90.0,3.0,50.0,12.6,77.0667,IN,1643407076
kwekwe,24.84,69.0,9.53,57.0,5.3505,48.5268,SO,1643406784
phayao,28.05,16.0,0.88,82.0,12.2833,-10.9667,ML,1643407077
barras,-3.03,74.0,10.8,100.0,63.8424,-22.4338,IS,1643407077
careiro da varzea,6.51,82.0,9.91,91.0,62.2266,-6.589,FO,1643407098
solntsevo,-18.52,91.0,2.27,100.0,49.75,142.8333,RU,1643407137
stockbridge,28.05,89.0,7.51,47.0,-21.6403,-41.0511,BR,1643407138
awjilah,-13.12,77.0,6.62,100.0,59.7,150.1667,RU,1643407138
sioux lookout,-10.55,94.0,4.17,100.0,57.2161,42.3348,RU,1643407139
ukiah,20.39,32.0,1.89,100.0,36.5708,-119.6121,US,1643407139
gomel,24.37,84.0,2.94,100.0,16.2923,119.8062,PH,1643407139
ust-nera,-16.84,71.0,2.0,0.0,40.8106,111.6522,CN,1643407140
coromandel,25.85,76.0,1.15,48.0,5.5167,5.75,NG,1643407140
susangerd,-0.26,67.0,0.3,100.0,42.5751,-71.9981,US,1643406950
rocha,8.95,95.0,12.08,100.0,60.3964,-1.353,GB,1643407141
tucuma,-17.23,97.0,2.78,98.0,67.4667,78.7,RU,1643407141
maceio,27.13,81.0,5.13,100.0,-0.8833,131.25,ID,1643407141
onokhoy,25.43,74.0,3.33,89.0,-22.2167,30.0,ZW,1643407142
peschanokopskoye,0.18,86.0,3.09,0.0,39.6482,47.9174,IR,1643407142
corod,-3.61,94.0,7.0,98.0,47.5272,52.9811,KZ,1643407142
grand gaube,22.41,75.0,4.32,100.0,-11.0964,-77.6139,PE,1643407143
wulanhaote,27.05,78.0,3.6,40.0,-3.2033,-52.2064,BR,1643407143
baraki barak,-12.86,72.0,4.63,100.0,55.1001,-105.2842,CA,1643407144
bacolod,22.88,93.0,3.6,100.0,-30.3833,153.1,AU,1643407144
ucluelet,25.58,83.0,2.24,40.0,-28.0,153.4333,AU,1643407075
vostok,5.57,60.0,4.14,99.0,34.9833,139.8667,JP,1643407145
panjab,-17.22,97.0,3.59,100.0,62.55,155.55,RU,1643407145
te anau,22.05,83.0,2.24,6.0,-22.8167,47.8333,MG,1643407145
ulladulla,-5.13,67.0,8.81,71.0,64.8945,-23.7142,IS,1643406957
firozpur jhirka,27.85,74.0,2.57,40.0,-8.0089,-34.8553,BR,1643407133
shimanovsk,-33.1,99.0,1.32,100.0,63.9242,127.4739,RU,1643407146
ugoofaaru,22.34,98.0,1.53,88.0,3.1655,-52.3158,GF,1643407146
kytlym,-4.1,79.0,4.47,100.0,39.9956,-82.6743,US,1643407147
grootfontein,-26.43,99.0,3.2,40.0,65.6118,72.6842,RU,1643407147
solwezi,24.7,89.0,0.91,65.0,-3.432,10.6554,GA,1643407147
haines junction,19.8,50.0,1.34,75.0,38.421,-121.4238,US,1643407148
pocatello,27.74,77.0,2.87,43.0,5.8933,95.3214,ID,1643407149
burnie,18.12,64.0,1.52,100.0,-45.8742,170.5036,NZ,1643407149
khani,6.06,89.0,6.14,100.0,28.3669,121.36,CN,1643407149
fukuma,24.5,25.0,0.45,100.0,33.427,-117.612,US,1643407150
dolbeau,-19.63,93.0,2.95,93.0,52.2667,79.1667,RU,1643407150
kaithal,-17.53,91.0,3.0,5.0,43.6475,111.9767,CN,1643407150
ciudad bolivar,16.98,98.0,2.11,97.0,-16.8065,26.9531,ZM,1643407151
dobryanka,13.74,49.0,5.16,0.0,39.3558,-9.3811,PT,1643407151
sovetskoye,7.05,72.0,2.58,58.0,40.3753,28.8822,TR,1643407151
wenchi,27.28,76.0,1.38,17.0,6.3032,120.5836,PH,1643407152
tieli,9.31,87.0,3.09,0.0,39.8885,4.2658,ES,1643407026
saint-louis,20.81,97.0,2.73,100.0,-37.8333,147.6167,AU,1643407212
lerwick,19.96,67.0,6.3,100.0,18.0858,-15.9785,MR,1643407213
lieksa,25.14,10.0,2.24,0.0,-31.4241,-64.4978,AR,1643407214
pozo colorado,0.28,98.0,5.33,100.0,52.6333,29.7333,BY,1643407043
ust-kamchatsk,22.12,78.0,2.37,100.0,-28.24,-48.6703,BR,1643407214
orebro,-4.75,93.0,0.51,75.0,70.6634,23.6821,NO,1643407215
sibolga,29.05,39.0,4.12,20.0,-33.4569,-70.6483,CL,1643406832
helena,18.66,93.0,1.39,100.0,-12.2929,33.1782,ZM,1643407216
west odessa,6.49,46.0,2.25,0.0,42.0304,-8.1588,PT,1643407217
paamiut,25.37,41.0,4.52,6.0,-30.9828,-54.6731,BR,1643407218
astana,24.73,13.0,2.68,100.0,33.8464,-118.0467,US,1643407219
tabuk,5.51,70.0,7.72,100.0,62.1564,-7.1664,FO,1643407220
maddur,23.91,55.0,3.4,0.0,-31.6308,-71.1653,CL,1643407220
hobyo,-23.35,99.0,1.31,84.0,54.9076,99.0276,RU,1643407221
dire,14.7,47.0,2.24,0.0,38.6979,-9.4215,PT,1643407221
grindavik,-24.81,95.0,12.73,100.0,70.4692,-68.5914,CA,1643407222
knysna,-16.01,85.0,3.0,99.0,54.9824,82.7363,RU,1643407222
klaksvik,24.35,45.0,3.5,0.0,-27.3667,-70.3333,CL,1643407223
smirnykh,27.01,85.0,3.23,97.0,-10.4544,161.9205,SB,1643407219
sao joao da barra,13.7,24.0,2.06,0.0,28.5202,68.5434,PK,1643407224
arman,20.99,92.0,2.18,21.0,15.5667,108.4833,VN,1643407224
north bend,-32.96,68.0,0.0,20.0,52.1352,113.4974,RU,1643407225
kuznechikha,22.7,94.0,3.09,100.0,-23.0903,-47.2181,BR,1643407225
selma,2.49,97.0,8.27,100.0,46.7348,36.3443,UA,1643407226
catuday,25.11,70.0,0.69,71.0,-35.7167,150.1833,AU,1643407226
hohhot,-5.08,65.0,6.07,100.0,39.447,-86.1758,US,1643407227
warri,21.88,71.0,7.38,100.0,15.1333,-23.2167,CV,1643407227
gardner,-6.62,56.0,10.11,100.0,68.8193,-51.1922,GL,1643407020
brae,16.02,55.0,1.48,22.0,16.4,80.1833,IN,1643407227
tazovskiy,-17.72,52.0,3.81,9.0,47.8667,88.1167,CN,1643406962
wahran,-23.71,94.0,2.9,9.0,49.5886,81.0453,KZ,1643407228
sorong,-13.36,87.0,2.86,100.0,52.5369,62.4936,KZ,1643407228
beitbridge,11.53,82.0,1.76,9.0,35.1,24.6833,GR,1643407229
parsabad,30.03,30.0,2.27,9.0,13.8333,-88.9167,SV,1643407229
dossor,-7.86,59.0,0.89,0.0,43.4578,-88.8373,US,1643407229
altamira,30.42,25.0,1.97,25.0,3.1191,35.5973,KE,1643407230
chernyshevskiy,-0.12,83.0,9.67,100.0,47.5702,-59.1367,CA,1643407230
la ronge,23.0,22.0,2.18,52.0,7.2737,28.6822,SS,1643407231
kuche,2.68,41.0,1.03,40.0,40.4272,71.7189,UZ,1643407231
sawtell,19.8,78.0,0.89,20.0,28.4682,-16.2546,ES,1643407232
skalistyy,34.89,33.0,0.97,74.0,1.3349,-74.8429,CO,1643407232
gold coast,28.85,73.0,5.97,99.0,-5.6667,132.75,ID,1643407233
tateyama,16.61,75.0,3.83,31.0,-32.1642,25.6192,ZA,1643407233
dukat,12.47,70.0,5.35,50.0,31.3525,27.2453,EG,1643407233
farafangana,24.89,89.0,1.22,99.0,-3.3667,135.4833,ID,1643407234
olafsvik,24.06,12.0,1.34,100.0,33.7456,-117.8678,US,1643407201
olinda,-16.66,95.0,2.7,100.0,65.9811,60.3094,RU,1643407294
sangar,10.51,22.0,2.14,14.0,15.1718,44.3244,YE,1643407295
camopi,26.68,75.0,5.59,100.0,-9.0122,-35.2225,BR,1643407295
pataskala,18.29,89.0,1.27,100.0,-10.7073,22.2247,AO,1643407295
staryy nadym,1.0,78.0,0.76,5.0,36.1683,54.348,IR,1643407296
mayumba,-5.94,32.0,0.71,3.0,38.4953,102.1739,CN,1643407296
ust-maya,-25.64,95.0,1.83,16.0,54.4333,113.6,RU,1643407296
ngukurr,24.99,86.0,0.91,74.0,18.4726,120.5763,PH,1643407297
laguna,1.82,92.0,2.57,100.0,38.8451,-76.875,US,1643407297
sabang,12.24,83.0,8.47,58.0,24.2582,118.0905,CN,1643407297
dunedin,12.03,51.0,1.79,38.0,37.4725,-4.4421,ES,1643407044
wenling,21.06,85.0,1.52,81.0,-12.2486,-41.6194,BR,1643407298
san clemente,9.68,34.0,1.04,0.0,26.9667,75.3833,IN,1643407298
klyuchi,25.99,89.0,1.73,5.0,14.3122,121.1114,PH,1643407176
erenhot,24.94,36.0,4.89,97.0,-20.5833,17.4333,NA,1643407299
choma,2.01,80.0,3.13,75.0,43.4583,39.9244,RU,1643407299
peniche,26.43,81.0,2.51,82.0,4.8699,-2.2405,GH,1643407299
mudanya,2.85,95.0,1.85,99.0,45.8333,23.3667,RO,1643407083
simbahan,6.56,64.0,7.87,95.0,41.2547,67.9692,KZ,1643407300
mahon,24.27,87.0,4.07,39.0,5.3833,-52.95,GF,1643407234
champerico,-15.18,96.0,1.7,100.0,45.7625,106.2708,MN,1643407300
bairnsdale,12.35,41.0,2.49,4.0,20.0667,79.6667,IN,1643407301
nouakchott,-0.98,94.0,7.92,100.0,52.7985,28.0048,BY,1643407301
villa carlos paz,25.06,83.0,2.43,100.0,16.1307,119.7824,PH,1643407301
svetlogorsk,23.89,83.0,2.35,5.0,-23.8597,35.3472,MZ,1643407302
imbituba,24.86,88.0,1.54,0.0,-12.9067,45.1914,YT,1643407302
hammerfest,-4.33,82.0,7.12,99.0,63.863,-21.1481,IS,1643407302
santiago,13.32,38.0,2.82,8.0,18.3833,77.1167,IN,1643407303
lundazi,-2.8,92.0,5.16,89.0,48.6758,24.4138,UA,1643407303
vila,22.19,94.0,2.37,63.0,-28.8667,153.5667,AU,1643407303
verkhoyansk,-0.58,85.0,1.86,33.0,37.4333,140.4833,JP,1643407304
dom pedrito,6.16,85.0,0.83,0.0,26.5851,101.7128,CN,1643407304
la palma,17.16,97.0,1.26,100.0,-10.9814,26.7333,CD,1643407304
vestmanna,26.24,87.0,0.84,85.0,-5.5502,150.1429,PG,1643407305
illapel,21.87,93.0,0.1,60.0,4.1842,102.0468,MY,1643407305
nizhneudinsk,15.35,39.0,0.45,84.0,38.7666,-120.5177,US,1643407305
cascais,16.08,63.0,4.63,0.0,28.6835,-17.7642,ES,1643407306
clyde river,19.06,96.0,0.89,100.0,-37.8068,144.8916,AU,1643407168
tolmachevo,21.35,85.0,0.33,99.0,-17.2856,-42.73,BR,1643407306
copiapo,8.48,44.0,3.1,0.0,26.7693,31.5021,EG,1643407306
kirakira,22.07,96.0,0.69,100.0,-4.1333,104.1667,ID,1643407307
sohbatpur,22.06,90.0,0.75,66.0,2.385,103.021,MY,1643407307
tam ky,22.91,48.0,0.76,99.0,0.5167,25.2,CD,1643407307
smolenka,23.65,96.0,1.45,61.0,-1.405,-51.64,BR,1643407308
indaiatuba,-3.04,43.0,1.23,7.0,38.7153,112.7575,CN,1643407308
primorsk,26.43,78.0,3.47,72.0,6.3654,2.4183,BJ,1643407214
batemans bay,25.02,87.0,1.34,100.0,4.9333,-52.3333,GF,1643407308
bud,13.32,17.0,6.62,7.0,13.6017,26.6876,SD,1643407309
vila do maio,14.23,80.0,4.02,40.0,37.7167,-25.4333,PT,1643407369
qasigiannguit,-20.47,84.0,0.0,75.0,43.801,87.6005,CN,1643407083
sattenapalle,2.43,89.0,1.92,2.0,25.7,100.1833,CN,1643407370
altay,6.23,91.0,3.58,100.0,58.3019,-134.4197,US,1643407149
shar,22.03,80.0,0.64,76.0,-19.7625,-44.3139,BR,1643407307
lisakovsk,3.29,78.0,2.61,100.0,33.7333,135.9833,JP,1643407207
ayia galini,-23.38,99.0,2.53,100.0,61.3833,152.75,RU,1643407370
salvador,25.83,42.0,3.64,0.0,-28.5708,-70.7581,CL,1643407371
beaver dam,23.19,79.0,3.7,88.0,-4.5772,-81.2719,PE,1643407371
sovetskiy,-5.68,79.0,1.79,100.0,42.2506,-75.833,US,1643407371
lodwar,17.92,82.0,3.6,75.0,-45.8667,-67.5,AR,1643407164
channel-port aux basques,-9.3,88.0,1.78,85.0,58.8053,-122.7002,CA,1643407262
tonj,22.74,98.0,0.25,100.0,2.0167,112.9333,MY,1643407372
solovetskiy,22.97,95.0,0.88,100.0,-9.8756,-56.0861,BR,1643407246
komsomolskiy,26.65,62.0,4.37,38.0,2.6708,72.8944,MV,1643407372
santa cruz de tenerife,11.6,17.0,4.93,4.0,14.2,24.6667,SD,1643407373
cartagena del chaira,20.28,95.0,2.36,80.0,-19.9833,23.4167,BW,1643407373
tual,2.42,84.0,0.89,100.0,38.6001,-77.1622,US,1643407373
cradock,-0.31,98.0,6.31,100.0,47.6931,40.1025,RU,1643407374
marsa matruh,-0.2,87.0,1.31,100.0,41.3948,-73.454,US,1643407374
ijaki,22.4,88.0,1.42,100.0,-11.6066,34.2907,MW,1643407374
nabire,24.96,79.0,9.56,82.0,2.0371,45.3438,SO,1643407375
santa ana,23.89,89.0,2.74,16.0,17.0818,122.4157,PH,1643407375
pemangkat,-21.78,99.0,2.12,100.0,62.2667,151.7,RU,1643407375
verkhnyaya inta,10.58,18.0,8.75,0.0,37.0431,-100.921,US,1643407376
sayyan,14.82,42.0,1.38,0.0,23.2667,69.6667,IN,1643407376
maragogi,29.03,22.0,4.73,53.0,28.7167,-111.5833,MX,1643407377
luau,19.5,46.0,2.68,41.0,-44.7,169.15,NZ,1643407377
damghan,1.19,78.0,1.81,100.0,41.2835,-70.0995,US,1643407180
jinchang,16.69,49.0,3.69,18.0,15.7333,75.9833,IN,1643407378
bagdarin,-18.38,99.0,1.61,100.0,60.3778,92.6267,RU,1643407293
davila,-2.71,70.0,6.33,100.0,48.6499,-53.1147,CA,1643407378
forestville,16.96,80.0,3.55,16.0,-36.6167,-72.95,CL,1643407222
zhenhai,2.99,84.0,0.89,100.0,49.8339,6.0075,LU,1643407378
cabra,22.82,40.0,4.0,0.0,-31.4707,19.776,ZA,1643407379
bolshegrivskoye,2.31,91.0,1.79,100.0,38.8876,-76.5119,US,1643407379
iraquara,25.78,79.0,1.48,9.0,-19.5167,45.4667,MG,1643407379
jobner,25.25,86.0,2.34,100.0,-11.2061,13.8437,AO,1643407380
santa rosa,20.26,87.0,2.95,100.0,24.3448,124.1572,JP,1643407380
okakarara,4.42,87.0,8.49,100.0,57.3319,10.5225,DK,1643407380
orel-izumrud,11.5,64.0,1.93,0.0,26.8333,88.6167,IN,1643407381
axim,-9.4,96.0,1.53,100.0,69.4154,30.8136,RU,1643407381
cugir,7.36,45.0,3.6,0.0,35.2627,-77.5816,US,1643407288
chardara,27.12,72.0,4.04,94.0,-6.4333,39.55,TZ,1643407381
sinnamary,-23.92,92.0,3.26,9.0,47.9714,80.4392,KZ,1643407442
mandalgovi,0.52,98.0,6.33,100.0,47.1879,39.9492,RU,1643407442
mul,20.93,64.0,4.39,74.0,19.1059,37.3321,SD,1643407443
lyuban,-0.52,77.0,1.54,46.0,43.8469,46.715,RU,1643407443
aloleng,-1.88,73.0,8.42,87.0,59.1167,159.9667,RU,1643407443
maxixe,-0.92,98.0,7.46,100.0,48.0448,40.045,RU,1643407444
bandrele,12.15,34.0,1.34,30.0,42.2249,-121.7817,US,1643407240
eyrarbakki,29.52,20.0,4.27,24.0,-28.4478,21.2561,ZA,1643407444
udgir,25.9,71.0,4.62,60.0,-20.7833,117.1333,AU,1643407445
ballina,8.66,84.0,3.26,100.0,23.4517,108.5881,CN,1643407445
miharu,23.02,96.0,1.12,100.0,-17.0,145.4333,AU,1643407446
panzhihua,24.6,93.0,0.57,100.0,-0.4139,-65.0192,BR,1643407446
likasi,22.22,18.0,5.07,3.0,14.3188,2.0866,NE,1643407446
kimbe,23.05,21.0,6.69,0.0,36.6777,-121.6555,US,1643407447
kuala lipis,-21.65,93.0,1.38,39.0,47.449,-79.6373,CA,1643407447
el dorado,25.86,81.0,0.67,63.0,-2.0078,-54.0692,BR,1643407389
santa cruz de la palma,-21.2,85.0,2.91,22.0,49.1168,-68.399,CA,1643407447
seddon,-8.37,69.0,13.11,100.0,61.95,159.2333,RU,1643407219
turmalina,24.89,88.0,0.97,30.0,15.0482,121.0733,PH,1643407448
tahta,25.03,86.0,1.44,100.0,9.7531,122.4739,PH,1643407448
baturaja,22.12,20.0,2.18,46.0,22.2667,-101.9667,MX,1643407449
labis,25.4,74.0,4.85,96.0,-10.2814,-37.0186,BR,1643407449
kisangani,9.36,88.0,1.63,100.0,48.9163,-123.7194,CA,1643407449
gurupa,23.53,76.0,9.66,100.0,26.5412,-77.0636,BS,1643407450
yuanping,0.37,81.0,0.89,100.0,41.2223,-73.0565,US,1643407244
cotonou,16.35,63.0,5.14,20.0,27.9054,-15.4461,ES,1643407451
cayenne,-1.38,62.0,3.12,3.0,39.2667,141.8833,JP,1643407451
umm kaddadah,24.73,71.0,7.69,6.0,-22.0016,148.0466,AU,1643407451
soe,3.51,85.0,2.55,94.0,46.4333,26.4,RO,1643407452
vila franca do campo,-20.49,97.0,1.87,100.0,60.3725,93.0408,RU,1643407452
urumqi,10.01,96.0,2.25,72.0,23.3687,104.28,CN,1643407452
karamea,2.06,79.0,6.09,73.0,48.6167,22.3,UA,1643407429
dali,-7.64,95.0,3.9,100.0,56.8111,48.9128,RU,1643407453
juneau,26.74,74.0,5.66,100.0,-8.8978,-35.1478,BR,1643407453
esmeraldas,16.92,97.0,1.83,96.0,-18.5278,32.1284,ZW,1643407454
shingu,14.91,56.0,1.81,49.0,9.5046,35.5019,ET,1643407454
tabiauea,9.02,76.0,3.13,98.0,31.4583,131.2333,JP,1643407454
talaya,-17.85,98.0,2.57,100.0,58.3631,82.8265,RU,1643407455
vallenar,-4.12,86.0,1.54,40.0,66.4043,14.5233,NO,1643407455
talara,25.93,73.0,5.78,23.0,-21.15,149.2,AU,1643407455
broome,25.11,89.0,1.25,74.0,-1.7656,-55.8661,BR,1643407455
comodoro rivadavia,21.0,90.0,2.22,62.0,12.25,109.1833,VN,1643407456
fort nelson,-1.17,69.0,0.0,100.0,44.5434,-68.4195,US,1643407456
kapit,29.65,12.0,1.78,51.0,13.8065,-10.8321,ML,1643407456
alta floresta,8.93,81.0,0.0,0.0,32.6374,74.2183,PK,1643407457
kudahuvadhoo,21.49,71.0,8.82,100.0,14.6937,-17.4441,SN,1643407457
kutum,15.65,66.0,1.45,63.0,32.2994,-9.2372,MA,1643407348
maun,2.98,80.0,7.24,100.0,63.7256,8.834,NO,1643407518
indian head,24.77,91.0,0.96,4.0,14.1079,121.1414,PH,1643407518
mayskiy,25.02,96.0,1.72,100.0,-7.2586,-64.7981,BR,1643407518
danbury,24.15,97.0,1.17,80.0,-9.1667,-60.6333,BR,1643407519
nkhata bay,7.86,44.0,0.34,0.0,29.8977,69.5256,PK,1643407519
mogadishu,23.56,95.0,3.96,100.0,-25.6533,-48.5128,BR,1643407520
dicabisagan,8.38,87.0,0.0,75.0,27.05,-101.6,MX,1643407520
burica,28.24,63.0,3.09,68.0,-21.0415,-57.8738,PY,1643407520
orotukan,28.01,61.0,4.63,40.0,20.785,-156.4656,US,1643407515
formoso do araguaia,-16.61,97.0,1.45,40.0,39.6381,34.4672,TR,1643407521
liberal,27.75,78.0,3.24,100.0,-9.2368,-35.4901,BR,1643407521
bhuj,19.95,80.0,1.0,100.0,-4.0167,35.7667,TZ,1643407521
wanaka,27.34,89.0,4.12,100.0,-12.2333,136.7667,AU,1643407522
galiwinku,-9.31,44.0,3.6,100.0,44.6689,-90.1718,US,1643407511
kracheh,23.45,95.0,1.14,31.0,4.85,100.7333,MY,1643407523
nantucket,19.47,49.0,0.0,0.0,37.9333,-121.3011,US,1643407523
gajendragarh,8.32,89.0,8.05,100.0,52.9599,4.7593,NL,1643407523
teya,7.58,23.0,3.09,0.0,36.9034,-104.4391,US,1643407524
bonavista,10.17,59.0,2.02,0.0,24.5333,84.0167,IN,1643407524
tome,19.15,54.0,10.66,3.0,-30.6497,24.0123,ZA,1643407524
mertzig,12.74,85.0,0.95,100.0,-16.9833,-67.2167,BO,1643407525
calvinia,30.06,34.0,7.48,0.0,-34.6177,-68.3301,AR,1643407346
mayo,-3.06,80.0,1.54,100.0,59.6425,-151.5483,US,1643407525
miandrivazo,-7.68,95.0,3.1,100.0,56.4469,48.1214,RU,1643407526
sumbe,17.15,98.0,1.8,91.0,-17.3667,30.2,ZW,1643407526
ishigaki,28.9,70.0,4.12,0.0,16.8634,-99.8901,MX,1643407526
saeby,23.01,80.0,1.0,11.0,-1.1303,12.4736,GA,1643407527
odlabari,26.77,74.0,0.79,100.0,-17.7833,-57.7667,BO,1643407527
zapolyarnyy,10.18,91.0,5.16,97.0,51.7479,-3.3778,GB,1643407528
kinston,25.94,84.0,2.52,100.0,-6.5333,110.7,ID,1643407528
sokoni,21.16,15.0,4.59,66.0,18.9048,-3.5265,ML,1643407528
shenjiamen,-2.52,83.0,3.71,94.0,43.3,52.8,KZ,1643407529
ayagoz,22.14,91.0,1.69,61.0,-7.1911,-48.2072,BR,1643407341
olginskaya,26.9,33.0,3.9,0.0,-38.3739,-60.2798,AR,1643407529
sawakin,6.24,59.0,0.65,88.0,20.7833,97.0333,MM,1643407530
kizlyar,-4.04,81.0,0.0,100.0,41.5428,-87.6848,US,1643407530
palana,29.8,46.0,3.08,51.0,-17.8,-63.1667,BO,1643407283
almaznyy,23.01,75.0,4.62,93.0,-9.0853,-78.5783,PE,1643407530
klamath falls,27.16,37.0,1.41,82.0,7.0069,-7.475,CI,1643407531
upington,16.29,52.0,6.12,3.0,25.0213,37.2685,SA,1643407531
roebourne,12.73,56.0,8.73,0.0,27.2574,33.8129,EG,1643407532
zelenoborsk,8.17,43.0,2.63,99.0,26.5921,12.7805,LY,1643407592
dafeng,26.25,81.0,1.83,38.0,5.9197,121.3631,PH,1643407592
mareeba,12.47,41.0,1.81,8.0,21.3333,83.0,IN,1643407593
santa isabel do rio negro,-5.02,91.0,12.77,100.0,65.4167,-52.9,GL,1643407522
ouallam,-16.83,99.0,1.79,94.0,56.4678,73.611,RU,1643407593
salinas,26.05,69.0,4.63,20.0,18.4167,-64.6167,VG,1643407593
haileybury,-10.89,95.0,2.83,100.0,65.8522,44.24,RU,1643407594
monte alegre,12.36,29.0,1.07,0.0,24.8,73.0667,IN,1643407594
chute-aux-outardes,24.83,90.0,1.53,95.0,14.0453,124.1694,PH,1643407594
inderborskiy,-10.45,96.0,2.22,99.0,64.7001,43.3936,RU,1643407595
evensk,-7.2,87.0,4.75,88.0,69.8,20.9333,NO,1643407595
akle,6.4,64.0,1.19,3.0,27.3747,87.2039,NP,1643407595
cabadiangan,22.42,61.0,5.66,0.0,-38.5473,-58.7368,AR,1643407451
loreto,26.77,71.0,2.32,49.0,14.7667,-91.8167,GT,1643407596
aquidaba,15.14,77.0,3.09,75.0,35.174,-2.9287,MA,1643407596
chemainus,-29.36,92.0,0.98,40.0,50.6321,87.9563,RU,1643407597
marsh harbour,11.6,43.0,8.75,0.0,32.3502,-85.1999,US,1643407597
imeni poliny osipenko,3.03,70.0,7.39,13.0,54.675,20.1347,RU,1643407597
milford,-17.47,98.0,2.02,100.0,60.733,56.7202,RU,1643407598
aguimes,23.3,60.0,5.27,14.0,-32.035,-52.0986,BR,1643407598
kamaishi,11.29,87.0,7.72,75.0,55.4627,-4.6339,GB,1643407598
moranbah,14.4,77.0,4.63,20.0,37.7333,-25.6667,PT,1643407473
phan rang,25.1,86.0,1.06,99.0,-4.7561,11.8578,CG,1643407599
severo-yeniseyskiy,-22.8,94.0,1.18,100.0,54.4253,119.9327,RU,1643407600
uzhhorod,25.99,94.0,3.09,100.0,-15.7667,128.7333,AU,1643407471
kuzhener,15.59,28.0,4.22,1.0,22.0333,71.2,IN,1643407600
sao jose da coroa grande,2.3,65.0,1.34,100.0,50.2581,-119.2691,CA,1643407380
